id,first_name,last_name,email,gender,ip_address
1,Vanna,Wittman,vwittman0@exblog.jp,Female,24.161.102.214
2,Bartel,Broxap,bbroxap1@globo.com,Male,150.226.133.220
3,Rosalind,Orwin,rorwin2@msn.com,Female,219.156.142.163
4,Gerri,Ebunoluwa,gebunoluwa3@youtu.be,Female,106.240.205.96
5,Rhetta,Dillingston,rdillingston4@furl.net,Female,156.40.210.84
6,Conn,Farnin,cfarnin5@themeforest.net,Male,7.255.99.18
7,Tommy,Dougharty,tdougharty6@businessweek.com,Female,28.218.148.108
8,Saunder,Standbrook,sstandbrook7@live.com,Male,171.72.95.229
9,Mufi,Pargeter,mpargeter8@europa.eu,Female,78.185.235.106
10,Laura,Mattys,lmattys9@hc360.com,Female,0.197.146.166
11,Averil,Kneal,akneala@noaa.gov,Female,137.231.55.20
12,Tildy,Walklot,twalklotb@boston.com,Female,247.50.243.94
13,Jerrold,Parsons,jparsonsc@state.gov,Male,118.250.171.145
14,Sacha,Riedel,sriedeld@geocities.com,Female,204.73.223.59
15,Davina,Balch,dbalche@noaa.gov,Female,42.102.75.253
16,Lorens,Marshfield,lmarshfieldf@examiner.com,Male,78.234.26.190
17,Barnard,Jovasevic,bjovasevicg@skype.com,Male,155.128.109.99
18,Kitty,Critcher,kcritcherh@umich.edu,Female,176.212.127.110
19,Bronson,Cervantes,bcervantesi@goodreads.com,Male,210.21.69.226
20,Ulrich,Lorence,ulorencej@oakley.com,Male,185.6.113.202
21,Conn,Boam,cboamk@so-net.ne.jp,Male,176.117.129.89
22,Valery,Kippins,vkippinsl@addthis.com,Female,107.241.77.163
23,Sylvan,Usher,susherm@usatoday.com,Male,216.55.25.203
24,Chloe,Mcsarry,cmcsarryn@walmart.com,Female,111.48.140.56
25,Skylar,Nutten,snutteno@dailymail.co.uk,Male,176.74.39.165
26,Ad,Nickels,anickelsp@alexa.com,Male,125.250.214.18
27,Ettie,Manes,emanesq@yahoo.com,Female,105.13.161.233
28,Geri,Jekel,gjekelr@gmpg.org,Female,5.15.160.232
29,Neill,Mullin,nmullins@blogspot.com,Male,74.199.71.47
30,Nicholas,Zecchii,nzecchiit@networkadvertising.org,Male,93.83.161.38
31,Zelma,Abrahmer,zabrahmeru@purevolume.com,Female,38.207.153.166
32,Bevin,Wiggett,bwiggettv@phoca.cz,Male,140.190.196.223
33,Zechariah,Heathorn,zheathornw@odnoklassniki.ru,Male,159.62.85.30
34,Elana,Bricklebank,ebricklebankx@mtv.com,Female,30.169.131.9
35,Giorgio,McTear,gmcteary@disqus.com,Male,239.207.205.137
36,Fae,Lomaz,flomazz@photobucket.com,Female,206.219.222.129
37,Temple,Tribe,ttribe10@sun.com,Male,212.92.197.131
38,Conant,Wildbore,cwildbore11@shutterfly.com,Male,71.124.206.214
39,Rafaela,Richardon,rrichardon12@msn.com,Female,96.173.52.220
40,Bryna,Curwen,bcurwen13@miibeian.gov.cn,Female,94.53.210.215
41,Arleen,O'Dowgaine,aodowgaine14@cornell.edu,Female,90.148.120.212
42,Neilla,Kinman,nkinman15@wiley.com,Female,81.29.147.174
43,Kerri,Scola,kscola16@w3.org,Female,111.177.49.150
44,Clio,Oxtiby,coxtiby17@washingtonpost.com,Female,44.110.185.254
45,Rafael,Alesin,ralesin18@bizjournals.com,Male,121.8.214.41
46,Brigida,Alderton,balderton19@vistaprint.com,Female,99.228.14.92
47,Jolee,Klement,jklement1a@scientificamerican.com,Female,0.62.199.54
48,Barth,FitzGibbon,bfitzgibbon1b@weather.com,Male,20.118.11.103
49,Natassia,Lacer,nlacer1c@epa.gov,Female,178.49.57.183
50,Allissa,Keave,akeave1d@eventbrite.com,Female,138.69.202.67
51,Ermentrude,Schankelborg,eschankelborg1e@seesaa.net,Female,72.189.147.31
52,Desiree,Lightning,dlightning1f@google.co.jp,Female,43.223.220.105
53,Connie,Riditch,criditch1g@elegantthemes.com,Male,92.153.135.1
54,Maurice,Beedham,mbeedham1h@dot.gov,Male,112.214.199.174
55,Brien,Pembridge,bpembridge1i@networksolutions.com,Male,23.21.102.202
56,Ulric,Bertomieu,ubertomieu1j@walmart.com,Male,152.247.62.49
57,Ardith,Blankley,ablankley1k@phpbb.com,Female,127.25.172.58
58,Collin,Duffie,cduffie1l@photobucket.com,Male,60.108.3.105
59,Jobina,Vennard,jvennard1m@utexas.edu,Female,220.31.138.31
60,Ferdinanda,Shimmin,fshimmin1n@twitpic.com,Female,199.117.40.182
61,Samuel,Crook,scrook1o@patch.com,Male,92.145.136.226
62,Engelbert,Gurys,egurys1p@businessweek.com,Male,158.133.204.161
63,Kaitlyn,Whitecross,kwhitecross1q@sfgate.com,Female,15.65.180.100
64,Casper,Ringer,cringer1r@foxnews.com,Male,234.45.26.228
65,Eben,McKew,emckew1s@harvard.edu,Male,252.143.193.76
66,Bald,Kingston,bkingston1t@howstuffworks.com,Male,177.54.241.157
67,Syd,Flecknoe,sflecknoe1u@bloglines.com,Male,188.186.208.36
68,Temple,Balcock,tbalcock1v@nasa.gov,Male,141.183.163.159
69,Marla,Gilsthorpe,mgilsthorpe1w@phpbb.com,Female,213.207.208.50
70,Aidan,Prangle,aprangle1x@360.cn,Female,197.116.27.6
71,Carolyne,McDuffie,cmcduffie1y@canalblog.com,Female,100.163.14.117
72,Buckie,Leall,bleall1z@behance.net,Male,190.56.13.177
73,Rhianon,Mil,rmil20@bigcartel.com,Female,203.83.36.188
74,Kendricks,Godthaab,kgodthaab21@wikimedia.org,Male,114.118.165.160
75,Ruddie,Corneille,rcorneille22@dyndns.org,Male,214.92.58.167
76,Baird,Raper,braper23@wordpress.org,Male,107.150.198.225
77,Inigo,Huleatt,ihuleatt24@wordpress.org,Male,93.28.6.118
78,Filmore,Trevillion,ftrevillion25@mashable.com,Male,220.92.135.163
79,Lucas,Iacovuzzi,liacovuzzi26@wikimedia.org,Male,254.87.95.40
80,Anabelle,Muckley,amuckley27@soup.io,Female,47.194.212.110
81,Katerine,Duddle,kduddle28@tamu.edu,Female,35.218.231.167
82,Leoline,Swynley,lswynley29@tripadvisor.com,Female,177.0.121.11
83,Lennie,Fookes,lfookes2a@hugedomains.com,Male,246.103.186.130
84,Winthrop,Fannin,wfannin2b@hud.gov,Male,177.155.209.7
85,Elle,Rimes,erimes2c@purevolume.com,Female,76.109.215.170
86,Belinda,Cuphus,bcuphus2d@is.gd,Female,240.47.165.56
87,Bertram,Feake,bfeake2e@amazonaws.com,Male,191.99.202.50
88,Brier,Wilprecht,bwilprecht2f@quantcast.com,Female,94.142.224.63
89,Bamby,Beeton,bbeeton2g@people.com.cn,Female,194.195.38.169
90,Stevie,Tharme,stharme2h@imdb.com,Male,35.99.80.121
91,Redd,Mathivat,rmathivat2i@sakura.ne.jp,Male,255.16.76.144
92,Lyell,Karczinski,lkarczinski2j@reddit.com,Male,247.105.52.124
93,Carissa,Elcom,celcom2k@hexun.com,Female,154.48.234.84
94,Simona,Dumsday,sdumsday2l@google.com.au,Female,26.20.253.86
95,Barbey,Fotheringham,bfotheringham2m@opensource.org,Female,19.137.167.22
96,Bondie,Rickaert,brickaert2n@hubpages.com,Male,142.198.123.221
97,Luther,Jerrolt,ljerrolt2o@sfgate.com,Male,91.114.125.142
98,Kanya,Shapland,kshapland2p@bbc.co.uk,Female,121.243.127.231
99,Stern,Revie,srevie2q@twitpic.com,Male,195.222.208.230
100,Natalya,Lydiard,nlydiard2r@sogou.com,Female,202.17.48.48
101,My,Antrobus,mantrobus2s@flavors.me,Male,234.23.150.105
102,Hercules,Walburn,hwalburn2t@liveinternet.ru,Male,86.179.110.236
103,Flint,Ottley,fottley2u@businessinsider.com,Male,124.83.205.8
104,Kali,Girod,kgirod2v@guardian.co.uk,Female,133.102.24.128
105,Sam,Dowall,sdowall2w@cloudflare.com,Male,92.153.158.63
106,Haily,McGraffin,hmcgraffin2x@vk.com,Male,231.67.89.233
107,Olva,Standley,ostandley2y@delicious.com,Female,75.44.62.55
108,Baldwin,Siddeley,bsiddeley2z@topsy.com,Male,253.140.140.142
109,Ashlan,Blackler,ablackler30@salon.com,Female,254.21.231.193
110,Delcina,Branca,dbranca31@accuweather.com,Female,200.193.210.79
111,Angelo,Dood,adood32@chron.com,Male,52.57.71.116
112,Fee,Shakespeare,fshakespeare33@exblog.jp,Male,155.6.55.41
113,Bonnee,Manuele,bmanuele34@usnews.com,Female,132.78.204.46
114,Shanan,Lamblin,slamblin35@pinterest.com,Male,176.86.242.223
115,Kaleb,Bosomworth,kbosomworth36@google.ru,Male,200.253.146.50
116,Hildegaard,Seydlitz,hseydlitz37@wikispaces.com,Female,217.43.15.84
117,Annamarie,Chancelier,achancelier38@cnet.com,Female,70.164.115.183
118,Novelia,Ricker,nricker39@xinhuanet.com,Female,192.148.160.204
119,Sigrid,Bouzan,sbouzan3a@qq.com,Female,88.7.239.56
120,Ddene,Mayoral,dmayoral3b@youku.com,Female,206.87.250.176
121,Dyane,Costy,dcosty3c@usnews.com,Female,99.129.147.83
122,Corella,Brick,cbrick3d@mapy.cz,Female,86.42.120.152
123,Wat,Lowfill,wlowfill3e@pen.io,Male,250.76.91.110
124,Lottie,Leishman,lleishman3f@studiopress.com,Female,247.252.137.47
125,Nonie,Gerrelt,ngerrelt3g@nifty.com,Female,38.91.62.97
126,Albrecht,Hesse,ahesse3h@prnewswire.com,Male,174.246.96.203
127,Hewitt,Darrigone,hdarrigone3i@sciencedaily.com,Male,11.121.95.0
128,Emma,Gabbidon,egabbidon3j@ezinearticles.com,Female,88.61.145.190
129,Codie,Mollindinia,cmollindinia3k@g.co,Female,170.198.116.83
130,Abba,Urwin,aurwin3l@rediff.com,Male,26.69.244.134
131,Selinda,Snoddy,ssnoddy3m@zimbio.com,Female,117.162.186.237
132,Marlie,Minton,mminton3n@4shared.com,Female,207.178.5.157
133,Doretta,Yeowell,dyeowell3o@sun.com,Female,55.22.228.130
134,Berty,Reinbeck,breinbeck3p@networkadvertising.org,Male,150.21.6.14
135,Arleta,Kiefer,akiefer3q@bravesites.com,Female,99.150.244.85
136,Barbie,Le feaver,blefeaver3r@about.com,Female,97.35.97.49
137,Tilda,Clousley,tclousley3s@pbs.org,Female,229.54.169.196
138,Raddy,Edling,redling3t@stumbleupon.com,Male,25.143.28.66
139,Marcelle,Ivell,mivell3u@google.it,Female,77.199.40.195
140,Yance,Leer,yleer3v@imdb.com,Male,245.200.192.178
141,Corey,Willsmore,cwillsmore3w@typepad.com,Female,93.226.95.88
142,Bronson,Cleaton,bcleaton3x@list-manage.com,Male,119.130.117.103
143,Jewell,Whopples,jwhopples3y@cnn.com,Female,53.101.189.159
144,Devora,Munkley,dmunkley3z@bloglines.com,Female,238.202.21.221
145,Birgitta,Grigorescu,bgrigorescu40@shutterfly.com,Female,27.72.188.102
146,Ynez,Livingston,ylivingston41@dedecms.com,Female,25.54.71.72
147,Sly,Tithecott,stithecott42@hexun.com,Male,153.161.200.223
148,Teddy,Goodyer,tgoodyer43@networksolutions.com,Female,126.67.163.69
149,Federica,Peniello,fpeniello44@wordpress.com,Female,126.80.142.251
150,Frieda,Banke,fbanke45@angelfire.com,Female,208.32.79.182
151,Ariella,Broomhall,abroomhall46@sfgate.com,Female,173.61.199.9
152,Joli,Ludl,jludl47@cocolog-nifty.com,Female,98.213.49.130
153,Seana,Hammill,shammill48@usda.gov,Female,25.92.39.34
154,Billie,Grinyakin,bgrinyakin49@shinystat.com,Male,192.139.32.237
155,Rad,Kensitt,rkensitt4a@howstuffworks.com,Male,167.241.109.168
156,Brad,Millberg,bmillberg4b@4shared.com,Male,253.241.246.95
157,Twila,Shoutt,tshoutt4c@techcrunch.com,Female,194.154.187.94
158,Rip,Tunnicliff,rtunnicliff4d@lycos.com,Male,246.209.172.174
159,Cornie,Claris,cclaris4e@bloomberg.com,Male,207.196.114.192
160,Freeman,Curl,fcurl4f@google.de,Male,37.229.157.98
161,Sheffy,Yakushkin,syakushkin4g@stumbleupon.com,Male,19.99.78.84
162,Philipa,Petruskevich,ppetruskevich4h@msu.edu,Female,211.165.88.43
163,Jeanna,Scraggs,jscraggs4i@google.fr,Female,41.1.76.147
164,Melisa,Priestland,mpriestland4j@disqus.com,Female,154.180.105.124
165,Halley,Brightie,hbrightie4k@disqus.com,Female,165.22.59.139
166,Cy,Gregoratti,cgregoratti4l@slate.com,Male,57.150.59.231
167,Karalynn,Sange,ksange4m@weibo.com,Female,149.41.214.32
168,Mattie,Birtwhistle,mbirtwhistle4n@addthis.com,Female,237.104.175.211
169,Casandra,Hurdwell,churdwell4o@tiny.cc,Female,62.44.27.20
170,Amalee,Beatty,abeatty4p@state.tx.us,Female,131.8.98.63
171,Pat,Shovelton,pshovelton4q@bloglines.com,Female,228.159.233.1
172,Hyatt,Craney,hcraney4r@bbc.co.uk,Male,130.13.135.251
173,Edin,Birchett,ebirchett4s@virginia.edu,Female,42.166.240.5
174,Lolly,Vondrak,lvondrak4t@moonfruit.com,Female,127.92.127.173
175,Rourke,Sargood,rsargood4u@nymag.com,Male,84.210.125.75
176,Florentia,Cathrae,fcathrae4v@cocolog-nifty.com,Female,12.78.254.101
177,Curr,MacKeig,cmackeig4w@shop-pro.jp,Male,222.252.209.181
178,Zed,Ambrose,zambrose4x@webeden.co.uk,Male,137.121.195.29
179,Lydon,Steed,lsteed4y@ebay.co.uk,Male,224.10.112.194
180,Joellen,Coulthurst,jcoulthurst4z@apache.org,Female,222.1.131.251
181,Artus,Draco,adraco50@hatena.ne.jp,Male,186.107.225.219
182,Leon,Rozier,lrozier51@ft.com,Male,204.156.186.186
183,Anabelle,Tourne,atourne52@home.pl,Female,253.209.189.171
184,Wynne,Piechnik,wpiechnik53@wordpress.com,Female,250.208.106.230
185,Ursula,Blind,ublind54@google.com,Female,32.148.128.68
186,Sigismondo,Osboldstone,sosboldstone55@businessinsider.com,Male,66.104.225.182
187,Alan,Dyers,adyers56@rakuten.co.jp,Male,179.178.55.229
188,Debra,Scoates,dscoates57@jugem.jp,Female,168.157.120.249
189,Cece,Bartholat,cbartholat58@over-blog.com,Male,3.22.164.5
190,Sharlene,Heimes,sheimes59@army.mil,Female,63.162.238.36
191,Veronique,Rosie,vrosie5a@nytimes.com,Female,232.220.218.138
192,Piotr,Slidders,pslidders5b@paypal.com,Male,50.251.150.209
193,Jayson,Summerill,jsummerill5c@google.pl,Male,131.88.173.173
194,Rozele,Lerwell,rlerwell5d@smugmug.com,Female,50.24.37.76
195,Napoleon,Colt,ncolt5e@archive.org,Male,121.205.56.182
196,Jaclin,Battison,jbattison5f@cloudflare.com,Female,6.186.67.244
197,Finley,Nyssen,fnyssen5g@facebook.com,Male,252.116.115.197
198,Sheena,Rucklesse,srucklesse5h@princeton.edu,Female,187.141.225.184
199,Barry,Billam,bbillam5i@washington.edu,Male,158.76.70.170
200,Lauritz,Feldbau,lfeldbau5j@printfriendly.com,Male,231.99.178.30
201,Hagen,Saltsberger,hsaltsberger5k@theguardian.com,Male,252.22.157.183
202,Nicolais,Scouller,nscouller5l@hostgator.com,Male,89.57.39.67
203,Darby,Petrov,dpetrov5m@comcast.net,Male,100.11.74.50
204,Rosalind,Gramer,rgramer5n@prnewswire.com,Female,214.9.30.194
205,Christalle,Masser,cmasser5o@issuu.com,Female,205.127.128.238
206,Sancho,Ashbridge,sashbridge5p@netvibes.com,Male,196.211.76.21
207,Clotilda,Hunton,chunton5q@meetup.com,Female,155.152.57.41
208,Robbert,Gatlin,rgatlin5r@addtoany.com,Male,24.71.30.167
209,Denni,Grenkov,dgrenkov5s@bandcamp.com,Female,118.163.67.105
210,Alvinia,Marjoribanks,amarjoribanks5t@so-net.ne.jp,Female,111.183.140.173
211,Kermie,Scholes,kscholes5u@reverbnation.com,Male,103.224.81.118
212,Marylynne,Hurley,mhurley5v@state.gov,Female,4.203.200.244
213,Leicester,Oxterby,loxterby5w@clickbank.net,Male,59.227.86.12
214,Chilton,Paulin,cpaulin5x@printfriendly.com,Male,108.112.123.138
215,Magdalene,McCaughren,mmccaughren5y@csmonitor.com,Female,176.60.179.81
216,Corby,Spradbrow,cspradbrow5z@photobucket.com,Male,71.140.200.85
217,Jeniece,Bedbury,jbedbury60@kickstarter.com,Female,9.120.166.84
218,Gusti,Celez,gcelez61@nba.com,Female,23.159.58.56
219,Manda,Bownas,mbownas62@tmall.com,Female,148.248.61.18
220,Burnaby,Weedenburg,bweedenburg63@gizmodo.com,Male,215.113.236.125
221,Krisha,Allmen,kallmen64@flavors.me,Male,180.251.235.203
222,Obidiah,Wolfers,owolfers65@google.fr,Male,114.247.197.116
223,Gradey,Checo,gcheco66@timesonline.co.uk,Male,67.184.67.38
224,Alexa,Duley,aduley67@bbc.co.uk,Female,159.25.214.65
225,Sawyer,Paoli,spaoli68@fda.gov,Male,98.250.159.225
226,Adiana,Forten,aforten69@earthlink.net,Female,80.243.225.91
227,Shawna,McEntagart,smcentagart6a@yellowbook.com,Female,204.210.133.98
228,Cozmo,MacAskill,cmacaskill6b@blogger.com,Male,181.204.75.204
229,Buiron,Calles,bcalles6c@va.gov,Male,123.187.96.162
230,Cazzie,Grinyov,cgrinyov6d@google.com.br,Male,157.26.119.252
231,Tan,Rowlson,trowlson6e@discovery.com,Male,135.202.27.151
232,Douglass,Wadman,dwadman6f@privacy.gov.au,Male,170.163.162.187
233,Orsola,Vasenin,ovasenin6g@istockphoto.com,Female,39.55.204.21
234,Deina,Gilburt,dgilburt6h@patch.com,Female,174.22.102.155
235,Myrlene,Jeal,mjeal6i@desdev.cn,Female,52.165.2.183
236,Andreas,Madsen,amadsen6j@discovery.com,Male,172.199.58.96
237,Sheffy,Balle,sballe6k@sbwire.com,Male,180.112.25.220
238,Gonzales,Lansbury,glansbury6l@washingtonpost.com,Male,143.176.173.211
239,Yardley,Jeffrey,yjeffrey6m@state.tx.us,Male,155.218.129.121
240,Lonnie,Huster,lhuster6n@boston.com,Male,225.206.48.116
241,Emanuele,Tommen,etommen6o@omniture.com,Male,7.11.204.44
242,Joellen,Roskrug,jroskrug6p@springer.com,Female,197.233.194.216
243,Julita,Mesant,jmesant6q@cdbaby.com,Female,219.97.21.87
244,Berkeley,Larvin,blarvin6r@google.pl,Male,142.229.214.177
245,Stinky,Litherborough,slitherborough6s@newsvine.com,Male,150.70.197.80
246,Jeniece,Creaser,jcreaser6t@washington.edu,Female,55.11.118.157
247,Beckie,Armal,barmal6u@economist.com,Female,57.169.203.11
248,Francesco,Kleinstub,fkleinstub6v@hao123.com,Male,207.93.202.128
249,Franky,Prayer,fprayer6w@nytimes.com,Male,13.113.132.172
250,Malachi,McKechnie,mmckechnie6x@homestead.com,Male,111.22.174.212
251,Dante,Cattanach,dcattanach6y@about.com,Male,113.6.43.17
252,Mireille,Jikovsky,mjikovsky6z@time.com,Female,67.51.94.152
253,Eilis,Clawe,eclawe70@naver.com,Female,235.113.36.10
254,Marika,Hodgen,mhodgen71@google.pl,Female,96.67.125.204
255,Oliver,Rafter,orafter72@msn.com,Male,167.210.133.225
256,Barrie,Maystone,bmaystone73@ted.com,Male,9.55.75.179
257,Margareta,Dietz,mdietz74@globo.com,Female,177.151.111.129
258,Zabrina,Fissenden,zfissenden75@gov.uk,Female,223.28.218.78
259,Goldia,Tytterton,gtytterton76@huffingtonpost.com,Female,248.161.67.132
260,Adrien,MacIlhagga,amacilhagga77@guardian.co.uk,Male,105.217.44.191
261,Imogene,Dinsmore,idinsmore78@google.de,Female,74.119.192.139
262,Stanford,Ballston,sballston79@ibm.com,Male,185.75.199.17
263,Aundrea,Hastwall,ahastwall7a@paypal.com,Female,125.88.50.39
264,Lotta,Veeler,lveeler7b@woothemes.com,Female,216.196.130.124
265,Dylan,Fusco,dfusco7c@bing.com,Male,110.19.140.243
266,Elden,Berens,eberens7d@chicagotribune.com,Male,227.228.248.45
267,Norry,Larkins,nlarkins7e@people.com.cn,Male,220.133.74.199
268,Michal,Gallelli,mgallelli7f@utexas.edu,Male,221.53.251.159
269,Ramsay,Winthrop,rwinthrop7g@craigslist.org,Male,174.219.128.3
270,Katy,Grishaev,kgrishaev7h@seattletimes.com,Female,47.46.229.138
271,Berkie,Danelet,bdanelet7i@reddit.com,Male,17.185.193.189
272,Wilmar,Kemwall,wkemwall7j@gov.uk,Male,42.248.245.102
273,Sasha,Mortimer,smortimer7k@smugmug.com,Male,150.247.22.31
274,Danyelle,Blackhall,dblackhall7l@skyrock.com,Female,51.200.189.9
275,Alec,Monnery,amonnery7m@naver.com,Male,108.107.179.81
276,Cathryn,Bracer,cbracer7n@dion.ne.jp,Female,12.233.42.253
277,Amalia,Redmore,aredmore7o@yellowbook.com,Female,151.42.99.126
278,Delphinia,Dimond,ddimond7p@ning.com,Female,127.223.82.84
279,Hartwell,Proske,hproske7q@deliciousdays.com,Male,157.239.245.134
280,Row,Simonot,rsimonot7r@4shared.com,Female,124.197.84.103
281,Moll,Ruslinge,mruslinge7s@cisco.com,Female,170.127.144.223
282,Dougy,Pordal,dpordal7t@noaa.gov,Male,252.94.95.50
283,Morten,Gransden,mgransden7u@uol.com.br,Male,194.250.139.237
284,Markus,Eccles,meccles7v@twitpic.com,Male,203.88.253.74
285,Chet,Proudlove,cproudlove7w@barnesandnoble.com,Male,122.244.92.64
286,Horton,Crockley,hcrockley7x@examiner.com,Male,199.206.153.212
287,Sheelah,Demonge,sdemonge7y@freewebs.com,Female,69.217.153.3
288,Ray,Reavey,rreavey7z@netscape.com,Male,134.244.167.5
289,Leonerd,Coutthart,lcoutthart80@cnbc.com,Male,172.152.215.184
290,Christabel,Craigheid,ccraigheid81@techcrunch.com,Female,134.180.76.233
291,Elizabet,Smead,esmead82@nba.com,Female,216.203.193.167
292,Mark,Gouldie,mgouldie83@google.es,Male,27.192.86.105
293,Karolina,McGrae,kmcgrae84@cyberchimps.com,Female,3.136.235.31
294,Dora,Huffy,dhuffy85@msn.com,Female,160.33.82.224
295,Kizzie,Tallach,ktallach86@networksolutions.com,Female,75.100.2.38
296,Chaunce,Simmings,csimmings87@dagondesign.com,Male,20.59.78.123
297,Pancho,De Simone,pdesimone88@army.mil,Male,102.131.146.99
298,Keary,Thaller,kthaller89@ox.ac.uk,Male,93.29.98.204
299,Immanuel,Prawle,iprawle8a@tuttocitta.it,Male,189.178.80.102
300,Ferris,Adamovich,fadamovich8b@bravesites.com,Male,116.200.88.189
301,Wyn,Ayto,wayto8c@dell.com,Male,139.230.14.114
302,Skipper,Ewell,sewell8d@hubpages.com,Male,22.17.166.211
303,Florencia,Poley,fpoley8e@storify.com,Female,48.181.250.44
304,Ynez,Rolinson,yrolinson8f@omniture.com,Female,18.231.95.252
305,Skippy,Leavry,sleavry8g@imgur.com,Male,196.129.191.65
306,Alf,Laddle,aladdle8h@unesco.org,Male,183.235.255.47
307,Anders,Woodruffe,awoodruffe8i@earthlink.net,Male,88.95.51.92
308,Perle,Schulze,pschulze8j@whitehouse.gov,Female,150.127.187.246
309,Denyse,Blitz,dblitz8k@state.tx.us,Female,47.243.47.239
310,Batholomew,Ruffle,bruffle8l@comcast.net,Male,143.136.171.95
311,Theadora,Saket,tsaket8m@about.com,Female,95.167.126.137
312,Tiffanie,Bridewell,tbridewell8n@nytimes.com,Female,113.79.136.206
313,Germana,Strathern,gstrathern8o@newsvine.com,Female,39.118.229.43
314,Josias,Osler,josler8p@adobe.com,Male,34.31.248.18
315,Burch,Trevethan,btrevethan8q@paginegialle.it,Male,60.189.106.122
316,Shalne,Gallihaulk,sgallihaulk8r@seesaa.net,Female,136.1.96.119
317,Mariska,Hamley,mhamley8s@posterous.com,Female,138.120.238.193
318,Mab,Cranstone,mcranstone8t@cocolog-nifty.com,Female,165.187.127.51
319,Zondra,Ambler,zambler8u@spotify.com,Female,239.67.159.56
320,Georgine,Krzysztofiak,gkrzysztofiak8v@time.com,Female,31.164.202.10
321,Moses,Wozencraft,mwozencraft8w@ox.ac.uk,Male,245.224.138.195
322,Thatch,Van der Merwe,tvandermerwe8x@digg.com,Male,49.250.49.38
323,Woodie,Dumbellow,wdumbellow8y@fc2.com,Male,97.210.22.152
324,Garvey,Ewen,gewen8z@webnode.com,Male,44.208.75.195
325,Lazar,Bucknill,lbucknill90@blogspot.com,Male,144.162.209.177
326,Alane,Brewin,abrewin91@china.com.cn,Female,106.43.222.12
327,Candy,Pethick,cpethick92@blogtalkradio.com,Female,61.230.141.79
328,Ches,Allsepp,callsepp93@furl.net,Male,149.14.27.196
329,Corene,Revill,crevill94@xrea.com,Female,117.182.203.9
330,Lombard,Kilgour,lkilgour95@skyrock.com,Male,202.56.235.254
331,Kaine,Starkey,kstarkey96@twitter.com,Male,76.93.23.106
332,Storm,Joliffe,sjoliffe97@xing.com,Female,152.169.157.34
333,Flin,Trobe,ftrobe98@cornell.edu,Male,166.30.58.162
334,Jean,Jime,jjime99@yelp.com,Male,172.118.38.10
335,Cathlene,Nudds,cnudds9a@people.com.cn,Female,6.240.221.133
336,Pennie,Lanfranconi,planfranconi9b@furl.net,Male,70.130.216.77
337,Sol,Bynold,sbynold9c@xing.com,Male,39.112.170.40
338,Jenica,Hinemoor,jhinemoor9d@ed.gov,Female,106.124.28.143
339,Carlin,Souster,csouster9e@1688.com,Female,230.222.114.22
340,Carry,Van Halle,cvanhalle9f@craigslist.org,Female,5.54.203.205
341,Perry,Laydon,playdon9g@latimes.com,Female,45.14.106.222
342,Salvador,Baythrop,sbaythrop9h@blinklist.com,Male,12.51.40.219
343,Bari,Dobing,bdobing9i@cmu.edu,Female,88.38.116.11
344,Wilmar,Tregido,wtregido9j@hostgator.com,Male,248.49.6.1
345,Daren,Novkovic,dnovkovic9k@dailymotion.com,Male,1.193.101.245
346,Bertina,Binden,bbinden9l@cnbc.com,Female,234.32.252.137
347,Alleen,Lunnon,alunnon9m@skype.com,Female,167.186.75.54
348,Jo-ann,Daud,jdaud9n@amazon.co.jp,Female,44.234.238.120
349,Ray,Nairy,rnairy9o@macromedia.com,Female,48.122.10.151
350,Eleonore,Spurway,espurway9p@miitbeian.gov.cn,Female,125.116.146.75
351,Conrad,Clough,cclough9q@abc.net.au,Male,163.174.113.216
352,Auberon,Arnecke,aarnecke9r@fastcompany.com,Male,147.97.207.169
353,Catarina,Guidoni,cguidoni9s@slideshare.net,Female,213.233.121.104
354,Bryna,Hickford,bhickford9t@shinystat.com,Female,251.196.255.68
355,Cobb,Behneke,cbehneke9u@nba.com,Male,124.214.234.241
356,Vladimir,Thames,vthames9v@over-blog.com,Male,199.90.163.159
357,Edouard,Radborn,eradborn9w@plala.or.jp,Male,23.91.194.88
358,Kasper,Eskell,keskell9x@cnbc.com,Male,0.0.182.30
359,Simona,Stollberger,sstollberger9y@redcross.org,Female,22.37.53.214
360,Bill,Rawlyns,brawlyns9z@yellowpages.com,Male,113.120.63.165
361,Uriel,Rimes,urimesa0@i2i.jp,Male,129.43.6.49
362,Dallon,Bernon,dbernona1@google.co.jp,Male,185.100.89.15
363,Cynthy,Stannard,cstannarda2@sohu.com,Female,9.221.154.24
364,Elinor,Balhatchet,ebalhatcheta3@mashable.com,Female,226.49.240.147
365,Torrance,Rickert,trickerta4@washington.edu,Male,96.129.91.78
366,Kacey,Alyokhin,kalyokhina5@fastcompany.com,Female,210.249.27.61
367,Leonid,Roncelli,lroncellia6@edublogs.org,Male,100.131.103.14
368,Julio,Sigert,jsigerta7@phoca.cz,Male,241.156.122.35
369,Calypso,Griffith,cgriffitha8@jiathis.com,Female,34.116.184.197
370,Creighton,Newbegin,cnewbegina9@spotify.com,Male,35.13.77.241
371,Sabrina,Baldree,sbaldreeaa@ucoz.com,Female,175.93.235.207
372,Myrwyn,Whittington,mwhittingtonab@google.co.jp,Male,12.37.28.222
373,Darlleen,Hewson,dhewsonac@upenn.edu,Female,69.61.106.236
374,Alyson,Clethro,aclethroad@apache.org,Female,35.124.99.43
375,Pancho,Durno,pdurnoae@reference.com,Male,238.211.178.1
376,Joan,Sutherden,jsutherdenaf@dailymail.co.uk,Female,195.84.18.237
377,Trevar,Caizley,tcaizleyag@cyberchimps.com,Male,185.238.106.149
378,Port,Cay,pcayah@github.io,Male,4.103.238.205
379,Lolita,Gregoire,lgregoireai@cmu.edu,Female,226.67.236.92
380,Ninnette,Shann,nshannaj@mtv.com,Female,161.234.48.19
381,Jone,Shilstone,jshilstoneak@wunderground.com,Male,149.236.220.124
382,Hedvig,Dutteridge,hdutteridgeal@spiegel.de,Female,196.142.136.184
383,Wynnie,Rippingall,wrippingallam@gravatar.com,Female,167.136.216.186
384,Stephie,Tomasian,stomasianan@sciencedirect.com,Female,137.240.252.150
385,Roderigo,Luckcock,rluckcockao@multiply.com,Male,187.32.39.155
386,Elvyn,Sessuns,esessunsap@chicagotribune.com,Male,186.125.106.25
387,Galvan,Itshak,gitshakaq@jiathis.com,Male,16.235.132.46
388,Orren,Stockle,ostocklear@taobao.com,Male,250.180.136.92
389,Shelton,Katt,skattas@addtoany.com,Male,31.133.7.29
390,Richardo,Nares,rnaresat@elpais.com,Male,149.136.88.90
391,Grove,Shelborne,gshelborneau@ifeng.com,Male,237.86.97.239
392,Dilan,Suff,dsuffav@altervista.org,Male,159.171.50.207
393,Zondra,Riquet,zriquetaw@unesco.org,Female,71.113.29.187
394,Mendel,Swan,mswanax@ucsd.edu,Male,139.234.23.89
395,Afton,Mewitt,amewittay@wunderground.com,Female,211.57.250.52
396,Talia,Raynton,trayntonaz@illinois.edu,Female,127.77.233.167
397,Mordecai,Boustead,mbousteadb0@bizjournals.com,Male,81.67.248.179
398,Mauricio,De Mars,mdemarsb1@timesonline.co.uk,Male,44.39.188.155
399,Marsiella,Travis,mtravisb2@mtv.com,Female,76.208.193.142
400,Butch,Rusbridge,brusbridgeb3@tmall.com,Male,138.62.5.143
401,Laughton,Pimblotte,lpimblotteb4@hao123.com,Male,162.248.27.42
402,Esteban,Discombe,ediscombeb5@feedburner.com,Male,191.116.239.14
403,Clayson,Gallifont,cgallifontb6@paginegialle.it,Male,30.229.241.106
404,Germaine,Gerb,ggerbb7@livejournal.com,Male,7.15.96.3
405,Giustino,Kinnen,gkinnenb8@walmart.com,Male,192.28.106.158
406,Verne,Stallan,vstallanb9@wikipedia.org,Male,182.211.223.202
407,Lynn,Seston,lsestonba@arstechnica.com,Male,204.156.44.231
408,Melicent,O'Docherty,modochertybb@pbs.org,Female,87.27.238.121
409,Ruy,Allberry,rallberrybc@prlog.org,Male,112.214.27.17
410,Elvira,Chittem,echittembd@mapy.cz,Female,193.31.94.236
411,Clea,Echallier,cechallierbe@hexun.com,Female,243.140.14.253
412,Dorene,Noad,dnoadbf@xing.com,Female,242.191.241.66
413,Garrett,Wathen,gwathenbg@archive.org,Male,41.183.101.65
414,Felice,Ansill,fansillbh@qq.com,Male,163.119.77.98
415,Brodie,Kamen,bkamenbi@feedburner.com,Male,193.193.7.27
416,Betteann,Gateley,bgateleybj@miitbeian.gov.cn,Female,129.63.100.96
417,Mackenzie,Wyson,mwysonbk@google.ru,Male,75.250.201.202
418,Daisey,Benneyworth,dbenneyworthbl@netscape.com,Female,180.234.243.54
419,Lauree,Ferrieri,lferrieribm@dell.com,Female,25.54.43.147
420,Savina,Archambault,sarchambaultbn@senate.gov,Female,194.214.180.208
421,Zarah,Moyes,zmoyesbo@unc.edu,Female,30.171.197.189
422,Isidore,Musla,imuslabp@livejournal.com,Male,156.77.47.203
423,Nadine,Clemes,nclemesbq@php.net,Female,255.95.237.156
424,Lilli,Blanning,lblanningbr@pbs.org,Female,142.82.65.198
425,Joly,Hurring,jhurringbs@paginegialle.it,Female,53.182.3.123
426,Maible,Thoresby,mthoresbybt@surveymonkey.com,Female,52.225.113.224
427,Evin,Artrick,eartrickbu@dell.com,Male,225.139.128.19
428,Xever,Bisiker,xbisikerbv@imageshack.us,Male,17.60.208.138
429,Maddalena,Finding,mfindingbw@scribd.com,Female,43.13.104.82
430,Arny,Giorio,agioriobx@hugedomains.com,Male,20.123.156.226
431,Brooks,Papen,bpapenby@cocolog-nifty.com,Male,29.107.59.121
432,Padgett,Shreeve,pshreevebz@reuters.com,Male,70.60.42.89
433,Katharina,Vesque,kvesquec0@pinterest.com,Female,138.6.75.101
434,Bird,Girton,bgirtonc1@google.nl,Female,38.145.23.171
435,Bastien,Ertelt,berteltc2@wordpress.com,Male,166.250.35.180
436,Luce,Blythin,lblythinc3@yelp.com,Female,206.53.149.68
437,Jaime,Grocott,jgrocottc4@wikipedia.org,Male,90.109.197.75
438,Bryn,Dax,bdaxc5@over-blog.com,Male,8.205.200.4
439,Natty,Dowtry,ndowtryc6@vistaprint.com,Male,99.212.250.107
440,Beatrice,Partington,bpartingtonc7@google.co.uk,Female,62.150.51.184
441,Huntley,Mohammed,hmohammedc8@theatlantic.com,Male,199.189.11.240
442,Vito,Jenson,vjensonc9@paypal.com,Male,95.25.180.88
443,Averill,Wonfor,awonforca@symantec.com,Male,143.123.157.42
444,Tate,Kyngdon,tkyngdoncb@soundcloud.com,Male,127.221.89.120
445,Elisha,Martinon,emartinoncc@addthis.com,Female,106.22.9.120
446,Deerdre,Eykelhof,deykelhofcd@free.fr,Female,69.18.230.191
447,Jeralee,McGaugan,jmcgaugance@ehow.com,Female,98.27.173.111
448,Fairlie,Rowley,frowleycf@tumblr.com,Male,149.198.212.203
449,Blakelee,Laudham,blaudhamcg@photobucket.com,Female,244.187.46.59
450,Tiffi,Balser,tbalserch@berkeley.edu,Female,163.243.199.206
451,Culver,Malthouse,cmalthouseci@flickr.com,Male,71.14.58.40
452,Britt,Briskey,bbriskeycj@imdb.com,Male,141.182.100.253
453,Haily,Harnott,hharnottck@icio.us,Female,74.47.233.146
454,Euell,Strevens,estrevenscl@netvibes.com,Male,61.234.29.217
455,Lorene,Lung,llungcm@buzzfeed.com,Female,199.216.2.218
456,Curcio,Pettie,cpettiecn@ftc.gov,Male,155.215.182.71
457,Dominga,Sermin,dserminco@is.gd,Female,205.235.111.209
458,Garth,Bolstridge,gbolstridgecp@columbia.edu,Male,205.86.105.41
459,Elsie,Plester,eplestercq@51.la,Female,125.5.75.250
460,Wendel,Wannan,wwannancr@mit.edu,Male,214.155.172.218
461,Elliot,Skates,eskatescs@ca.gov,Male,157.12.44.23
462,Morrie,Huburn,mhuburnct@odnoklassniki.ru,Male,4.121.32.96
463,Candice,Larver,clarvercu@tripod.com,Female,135.238.242.159
464,Ardisj,Lampaert,alampaertcv@uol.com.br,Female,215.164.65.83
465,Tull,Balderson,tbaldersoncw@symantec.com,Male,154.79.149.212
466,Odetta,Ettery,oetterycx@europa.eu,Female,231.32.63.192
467,Merv,Kegg,mkeggcy@cocolog-nifty.com,Male,207.18.64.92
468,Merrel,Cossum,mcossumcz@chicagotribune.com,Male,47.196.211.113
469,Yoshi,Teeney,yteeneyd0@google.co.uk,Female,255.225.249.83
470,Ky,Yeldham,kyeldhamd1@nydailynews.com,Male,18.154.237.88
471,Ara,Lownie,alownied2@nba.com,Male,146.48.19.130
472,Hillery,Fassmann,hfassmannd3@parallels.com,Male,200.90.128.79
473,Anica,Verbrugghen,averbrugghend4@yahoo.co.jp,Female,142.208.179.140
474,Anitra,Bowerbank,abowerbankd5@sphinn.com,Female,13.34.59.41
475,Dom,Veronique,dveroniqued6@bloglovin.com,Male,233.171.1.133
476,Beauregard,Berni,bbernid7@google.cn,Male,167.121.220.125
477,Evangelia,Meikle,emeikled8@mayoclinic.com,Female,187.194.104.148
478,Tuesday,Van Cassel,tvancasseld9@eventbrite.com,Female,198.80.113.214
479,Barby,Richardot,brichardotda@nifty.com,Female,131.137.170.27
480,Regina,Madders,rmaddersdb@eepurl.com,Female,203.246.167.195
481,Lauretta,Hutchin,lhutchindc@ycombinator.com,Female,168.37.133.56
482,Margareta,Posvner,mposvnerdd@businesswire.com,Female,75.53.125.70
483,Loren,Endecott,lendecottde@reuters.com,Male,16.28.9.248
484,Ab,Abrahamowitcz,aabrahamowitczdf@slate.com,Male,0.203.252.242
485,Gauthier,Yvens,gyvensdg@newsvine.com,Male,15.142.217.182
486,Federica,Ricciardello,fricciardellodh@lycos.com,Female,70.155.89.97
487,Andeee,Altamirano,aaltamiranodi@un.org,Female,255.6.110.158
488,Holt,Boule,hbouledj@hp.com,Male,228.128.107.131
489,Maurita,Fogel,mfogeldk@shareasale.com,Female,246.157.51.22
490,Maisey,Gomersall,mgomersalldl@chron.com,Female,174.16.164.199
491,Alberto,Mariault,amariaultdm@mashable.com,Male,124.150.126.121
492,Ella,Farrer,efarrerdn@yahoo.com,Female,7.207.237.204
493,Pail,Sprason,psprasondo@bbb.org,Male,180.220.135.142
494,Loria,Shears,lshearsdp@booking.com,Female,38.166.160.79
495,Edgardo,Gilleson,egillesondq@storify.com,Male,64.59.129.41
496,Lethia,Fruen,lfruendr@fema.gov,Female,238.61.208.169
497,Eliot,Fyfield,efyfieldds@blogger.com,Male,188.39.212.150
498,Taryn,Guirardin,tguirardindt@mtv.com,Female,122.61.47.39
499,Caria,Donizeau,cdonizeaudu@sphinn.com,Female,133.191.176.5
500,Brendan,Pestricke,bpestrickedv@bizjournals.com,Male,100.244.199.233
501,Koren,Woolner,kwoolnerdw@ucsd.edu,Female,127.85.75.211
502,Phebe,Tripe,ptripedx@squarespace.com,Female,54.244.42.137
503,Keir,De Filippi,kdefilippidy@facebook.com,Male,233.14.195.69
504,Valerie,Dixsee,vdixseedz@skype.com,Female,10.19.161.16
505,Timothee,McIlherran,tmcilherrane0@opera.com,Male,209.208.42.116
506,Cody,Cicero,cciceroe1@ftc.gov,Male,214.109.190.165
507,Griffie,Piesold,gpiesolde2@pinterest.com,Male,148.50.37.69
508,Dexter,Jouanet,djouanete3@people.com.cn,Male,167.63.65.2
509,Jinny,McSparran,jmcsparrane4@europa.eu,Female,164.15.76.160
510,Gun,Verheijden,gverheijdene5@mozilla.com,Male,69.147.50.185
511,Ferguson,Van T'Hoog,fvanthooge6@ebay.com,Male,246.199.247.36
512,Celestina,Milstead,cmilsteade7@flavors.me,Female,4.19.105.3
513,Annabela,Ragsdale,aragsdalee8@squidoo.com,Female,228.42.189.210
514,Anni,Annes,aannese9@behance.net,Female,234.13.32.92
515,Josepha,Henrych,jhenrychea@disqus.com,Female,190.101.140.151
516,Morna,Cromarty,mcromartyeb@soundcloud.com,Female,126.157.237.95
517,Izabel,Cromblehome,icromblehomeec@zdnet.com,Female,163.18.236.185
518,Ynez,Duran,yduraned@addthis.com,Female,146.35.113.40
519,Aluino,Brammer,abrammeree@oakley.com,Male,132.80.67.19
520,Andonis,Cowperthwaite,acowperthwaiteef@wix.com,Male,97.105.23.54
521,Allis,Connett,aconnetteg@elpais.com,Female,108.208.83.160
522,Buckie,Dunbobin,bdunbobineh@cpanel.net,Male,55.13.26.154
523,Ronnica,Penhallurick,rpenhallurickei@engadget.com,Female,175.39.5.22
524,Juanita,Hatto,jhattoej@trellian.com,Female,133.66.52.23
525,Abbie,Nugent,anugentek@list-manage.com,Female,239.71.131.72
526,Silvano,Empson,sempsonel@behance.net,Male,241.118.129.66
527,Beverly,Sallings,bsallingsem@qq.com,Female,12.126.47.108
528,Shell,Anelay,sanelayen@nydailynews.com,Male,141.197.119.27
529,Roderigo,Micka,rmickaeo@cdc.gov,Male,93.11.175.156
530,Adolph,Easton,aeastonep@nasa.gov,Male,226.192.162.153
531,Shelly,Shark,ssharkeq@stanford.edu,Female,2.233.37.200
532,Paulette,Moir,pmoirer@spiegel.de,Female,188.110.24.216
533,Tremaine,Balentyne,tbalentynees@yahoo.co.jp,Male,167.46.200.16
534,Terencio,Ambrogini,tambroginiet@fc2.com,Male,51.231.28.234
535,Lydia,Fryer,lfryereu@theglobeandmail.com,Female,51.246.24.132
536,Janifer,Fricker,jfrickerev@toplist.cz,Female,152.156.108.189
537,Tamqrah,Bowell,tbowellew@nih.gov,Female,143.131.42.68
538,Philip,Ossipenko,possipenkoex@moonfruit.com,Male,174.208.21.132
539,Alie,Wimsett,awimsettey@bizjournals.com,Female,211.252.197.61
540,Walker,Tracey,wtraceyez@nymag.com,Male,202.111.59.192
541,Eddy,Jouanet,ejouanetf0@chronoengine.com,Female,214.62.83.119
542,Ashley,Deluze,adeluzef1@aboutads.info,Male,158.15.106.30
543,Artemas,Tour,atourf2@deliciousdays.com,Male,135.235.31.120
544,Nels,Gosling,ngoslingf3@thetimes.co.uk,Male,79.55.242.123
545,Analise,Feary,afearyf4@economist.com,Female,152.79.60.100
546,Ulrikaumeko,McCarroll,umccarrollf5@is.gd,Female,11.192.145.249
547,Spence,McLagain,smclagainf6@apple.com,Male,11.187.148.190
548,Durand,Peschka,dpeschkaf7@senate.gov,Male,21.201.193.38
549,Danyelle,Kempston,dkempstonf8@ca.gov,Female,194.81.150.95
550,Fern,Marrison,fmarrisonf9@goodreads.com,Female,170.78.131.149
551,Deny,Alger,dalgerfa@senate.gov,Female,164.75.191.111
552,Susi,Kensley,skensleyfb@wunderground.com,Female,111.201.1.167
553,Glenine,Castlake,gcastlakefc@technorati.com,Female,181.127.2.126
554,Liam,Bowhey,lbowheyfd@weebly.com,Male,73.157.100.230
555,Jaimie,Sawart,jsawartfe@bloomberg.com,Male,82.158.228.177
556,Walton,Bernardin,wbernardinff@toplist.cz,Male,57.85.243.229
557,Kimmie,Messingham,kmessinghamfg@dropbox.com,Female,187.141.38.93
558,Alaric,Dennitts,adennittsfh@rediff.com,Male,74.53.159.157
559,Augy,Willows,awillowsfi@hp.com,Male,31.99.1.70
560,Parke,Gowers,pgowersfj@a8.net,Male,54.224.244.24
561,Gaye,Blunsom,gblunsomfk@java.com,Female,112.11.31.82
562,Eula,Ianiello,eianiellofl@prnewswire.com,Female,129.185.168.230
563,Jefferson,Burnhard,jburnhardfm@vistaprint.com,Male,106.95.72.115
564,Hermon,Clorley,hclorleyfn@ucsd.edu,Male,105.154.98.248
565,Phillie,Siddall,psiddallfo@hhs.gov,Female,179.98.81.23
566,Daron,Andreone,dandreonefp@github.com,Female,211.90.39.39
567,Carmelle,Flamank,cflamankfq@sun.com,Female,127.49.52.65
568,Rey,Jeannard,rjeannardfr@ucla.edu,Female,87.42.30.20
569,Sib,Thorby,sthorbyfs@google.de,Female,229.182.172.137
570,Gibbie,Spyvye,gspyvyeft@webeden.co.uk,Male,144.212.137.47
571,Alexia,Boatwright,aboatwrightfu@mediafire.com,Female,103.159.4.24
572,Helen-elizabeth,Layhe,hlayhefv@cisco.com,Female,160.173.138.213
573,Tan,Twinbrow,ttwinbrowfw@technorati.com,Male,237.173.95.99
574,Tamar,Benedit,tbeneditfx@vimeo.com,Female,143.168.255.161
575,Cello,Blewis,cblewisfy@nsw.gov.au,Male,119.30.155.145
576,Cosmo,Hawlgarth,chawlgarthfz@scribd.com,Male,184.224.178.59
577,Brandea,Turbill,bturbillg0@china.com.cn,Female,96.206.76.21
578,Therese,Volett,tvolettg1@ezinearticles.com,Female,254.140.118.34
579,Merrill,Upjohn,mupjohng2@blogs.com,Male,151.26.50.186
580,Mandi,Radsdale,mradsdaleg3@foxnews.com,Female,253.32.214.108
581,Dickie,Castelli,dcastellig4@wikimedia.org,Male,180.229.59.135
582,Tito,Yanele,tyaneleg5@fastcompany.com,Male,14.18.95.43
583,Modesty,Degnen,mdegneng6@naver.com,Female,88.228.95.123
584,Munmro,Boykett,mboykettg7@hexun.com,Male,37.30.89.20
585,Vincenty,Veldens,vveldensg8@amazon.com,Male,117.95.161.123
586,Coretta,Lefeuvre,clefeuvreg9@time.com,Female,123.179.109.11
587,Ingrid,Tittletross,itittletrossga@wikia.com,Female,220.227.114.3
588,Earlie,Brace,ebracegb@fc2.com,Male,2.39.128.28
589,Aryn,Ravenshaw,aravenshawgc@cloudflare.com,Female,76.60.40.212
590,Che,McKennan,cmckennangd@tamu.edu,Male,33.191.249.127
591,Catie,Stopford,cstopfordge@unc.edu,Female,102.21.16.227
592,Reube,Mundy,rmundygf@alibaba.com,Male,9.65.163.162
593,Rafa,Goodison,rgoodisongg@mediafire.com,Female,156.16.116.204
594,Natka,Fyrth,nfyrthgh@prweb.com,Female,73.13.55.216
595,Ashli,Glauber,aglaubergi@toplist.cz,Female,4.90.224.119
596,Sayres,Patry,spatrygj@psu.edu,Male,172.140.132.165
597,Madonna,Weson,mwesongk@lycos.com,Female,170.152.167.244
598,Rhys,Croley,rcroleygl@businessweek.com,Male,90.234.251.14
599,Herrick,Goddert.sf,hgoddertsfgm@opera.com,Male,249.150.27.145
600,Dal,Gutch,dgutchgn@npr.org,Male,249.29.70.48
601,Brietta,Scroggie,bscroggiego@imgur.com,Female,202.11.236.212
602,Marcelle,Banasik,mbanasikgp@reference.com,Female,20.211.132.186
603,Milt,Crinidge,mcrinidgegq@vimeo.com,Male,238.157.134.204
604,Mae,Barham,mbarhamgr@tinypic.com,Female,201.43.41.190
605,Antonius,Laskey,alaskeygs@quantcast.com,Male,174.125.171.124
606,Margaretta,Attrill,mattrillgt@nifty.com,Female,128.90.105.133
607,Michell,Claibourn,mclaibourngu@epa.gov,Female,238.157.191.76
608,Tonye,Arsnell,tarsnellgv@yelp.com,Female,175.139.125.27
609,Babbette,Constance,bconstancegw@hc360.com,Female,144.255.216.1
610,Letisha,Giorgini,lgiorginigx@oakley.com,Female,26.53.144.194
611,Goddart,Travers,gtraversgy@cbsnews.com,Male,130.255.21.54
612,Anselm,Pendred,apendredgz@hugedomains.com,Male,9.106.230.127
613,Nanny,Luggar,nluggarh0@zimbio.com,Female,238.51.159.197
614,Ralph,Tarrier,rtarrierh1@bizjournals.com,Male,28.183.182.175
615,Lillian,Points,lpointsh2@google.com.hk,Female,53.162.157.224
616,Horatia,Dutnall,hdutnallh3@example.com,Female,43.79.136.102
617,Henriette,Mullett,hmulletth4@flavors.me,Female,135.155.157.250
618,Lisbeth,De Robertis,lderobertish5@home.pl,Female,247.109.76.208
619,Lilla,Dabling,ldablingh6@umn.edu,Female,112.98.60.14
620,Ashbey,Langeley,alangeleyh7@aboutads.info,Male,190.21.228.189
621,Nolan,Rickis,nrickish8@myspace.com,Male,74.128.160.93
622,Kenton,Boobier,kboobierh9@epa.gov,Male,190.94.238.16
623,Kenyon,Varden,kvardenha@buzzfeed.com,Male,136.174.145.239
624,Skell,Bagley,sbagleyhb@ameblo.jp,Male,109.213.112.153
625,Stella,Jepensen,sjepensenhc@hc360.com,Female,174.233.158.57
626,Judye,Vasyatkin,jvasyatkinhd@smh.com.au,Female,157.4.154.114
627,Marni,Mc Caghan,mmccaghanhe@mayoclinic.com,Female,105.167.115.125
628,Buckie,Shipley,bshipleyhf@java.com,Male,106.70.91.198
629,Clarey,Bazoge,cbazogehg@fotki.com,Female,225.25.164.159
630,Jennifer,Jacketts,jjackettshh@e-recht24.de,Female,209.216.111.213
631,Wood,Roseby,wrosebyhi@networkadvertising.org,Male,14.174.203.11
632,Ravi,Briscoe,rbriscoehj@skype.com,Male,28.119.247.136
633,Tina,Mahedy,tmahedyhk@springer.com,Female,139.77.53.102
634,Deeanne,Sanson,dsansonhl@google.ru,Female,16.30.247.129
635,Kettie,Cochrane,kcochranehm@blogger.com,Female,152.51.225.144
636,Bastien,Marchelli,bmarchellihn@elpais.com,Male,208.87.15.4
637,Heloise,Inder,hinderho@google.pl,Female,242.29.128.54
638,Hubie,Pack,hpackhp@livejournal.com,Male,68.185.81.158
639,Elvyn,Autrie,eautriehq@flavors.me,Male,209.254.225.214
640,Kain,Grasha,kgrashahr@google.com.hk,Male,211.185.18.190
641,Kalila,Sime,ksimehs@dagondesign.com,Female,121.3.139.0
642,Alvina,Raspel,araspelht@goo.ne.jp,Female,187.119.115.151
643,Lyell,Bridle,lbridlehu@flavors.me,Male,75.177.75.13
644,Luisa,McMurty,lmcmurtyhv@comcast.net,Female,116.223.161.88
645,Abagael,Sallings,asallingshw@stumbleupon.com,Female,47.82.146.40
646,Sibelle,Boulter,sboulterhx@sina.com.cn,Female,34.31.161.136
647,Madella,Rigate,mrigatehy@dell.com,Female,69.76.66.245
648,Saraann,Kubacek,skubacekhz@buzzfeed.com,Female,138.111.202.89
649,Myrlene,Thormann,mthormanni0@bizjournals.com,Female,240.126.65.117
650,Chery,Clendinning,cclendinningi1@prnewswire.com,Female,189.100.233.216
651,Vivien,Eliot,velioti2@ebay.com,Female,101.9.6.124
652,Rosetta,Alphonso,ralphonsoi3@time.com,Female,83.114.255.197
653,Marlie,Siely,msielyi4@vkontakte.ru,Female,87.131.251.176
654,Brook,Blanden,bblandeni5@moonfruit.com,Female,147.133.33.225
655,Dennie,Leverett,dleveretti6@psu.edu,Male,172.176.3.209
656,Casi,Abbitt,cabbitti7@booking.com,Female,187.249.33.161
657,Lana,Skippings,lskippingsi8@furl.net,Female,232.202.163.199
658,Abramo,Trudgian,atrudgiani9@chron.com,Male,48.65.147.166
659,Torrence,Maiklem,tmaiklemia@furl.net,Male,224.8.194.125
660,Pansie,Schiefersten,pschieferstenib@vk.com,Female,221.100.203.168
661,Abbey,Filipyev,afilipyevic@toplist.cz,Male,199.73.86.127
662,Nanny,Dunsire,ndunsireid@zdnet.com,Female,96.237.235.230
663,Decca,Scantlebury,dscantleburyie@xing.com,Male,30.225.40.248
664,Bart,Prangle,bprangleif@hud.gov,Male,217.11.63.22
665,Nil,Kassel,nkasselig@phpbb.com,Male,186.61.223.210
666,Jorrie,Kroch,jkrochih@i2i.jp,Female,187.79.58.57
667,Chelsie,Vasyagin,cvasyaginii@berkeley.edu,Female,130.163.132.186
668,Arv,Pechet,apechetij@trellian.com,Male,59.59.92.151
669,Pearl,Moneypenny,pmoneypennyik@ft.com,Female,218.19.181.209
670,Raynell,Toner,rtoneril@angelfire.com,Female,165.174.251.136
671,Diann,Tern,dternim@mlb.com,Female,198.25.133.70
672,Suzann,Vasichev,svasichevin@desdev.cn,Female,204.62.108.230
673,Rozamond,Strauss,rstraussio@squidoo.com,Female,221.89.245.84
674,Mike,Joan,mjoanip@yellowbook.com,Male,21.118.157.18
675,Jeremiah,Lynds,jlyndsiq@usda.gov,Male,95.178.20.239
676,Min,Sissel,msisselir@creativecommons.org,Female,47.159.62.139
677,Huberto,Penna,hpennais@barnesandnoble.com,Male,150.238.68.192
678,Tresa,McKue,tmckueit@sogou.com,Female,122.61.82.235
679,Thornton,Gillatt,tgillattiu@blogtalkradio.com,Male,75.105.209.49
680,Marc,Kretchmer,mkretchmeriv@vinaora.com,Male,44.195.103.65
681,Tracie,MacKellar,tmackellariw@blinklist.com,Female,244.38.2.222
682,Chloris,Iscowitz,ciscowitzix@sfgate.com,Female,239.215.208.183
683,Gerty,Welldrake,gwelldrakeiy@ycombinator.com,Female,29.76.112.85
684,Percy,Duncanson,pduncansoniz@prlog.org,Male,126.76.148.38
685,Kate,Dossantos,kdossantosj0@phpbb.com,Female,174.91.165.183
686,Dulsea,Gummow,dgummowj1@live.com,Female,251.230.88.197
687,Edythe,Brough,ebroughj2@mashable.com,Female,112.66.91.18
688,Dolores,Stollenbecker,dstollenbeckerj3@purevolume.com,Female,250.205.91.146
689,Kristina,Hundall,khundallj4@sogou.com,Female,28.104.22.141
690,Margy,Priestnall,mpriestnallj5@wikipedia.org,Female,197.207.250.143
691,Katee,Kitson,kkitsonj6@reverbnation.com,Female,170.208.206.172
692,Jacquenette,Middiff,jmiddiffj7@dot.gov,Female,104.167.141.173
693,Neil,Ruane,nruanej8@nyu.edu,Male,159.233.237.11
694,Kassie,Guiet,kguietj9@printfriendly.com,Female,223.250.126.183
695,Izzy,Humpage,ihumpageja@guardian.co.uk,Male,221.189.236.236
696,Belva,Chamberlin,bchamberlinjb@fc2.com,Female,44.93.166.241
697,Barb,Tchir,btchirjc@ebay.co.uk,Female,96.136.187.186
698,Moria,Mogie,mmogiejd@amazon.de,Female,87.80.141.82
699,Niels,Brunetti,nbrunettije@nbcnews.com,Male,242.116.79.59
700,Tommie,Canero,tcanerojf@eepurl.com,Male,14.252.198.151
701,Miran,De Francesco,mdefrancescojg@harvard.edu,Female,120.174.110.63
702,Angelo,Sands,asandsjh@bloomberg.com,Male,2.144.42.170
703,Valera,Izkoveski,vizkoveskiji@bizjournals.com,Female,194.154.22.187
704,Gianna,Blankhorn,gblankhornjj@microsoft.com,Female,135.147.46.233
705,Esme,Pavkovic,epavkovicjk@utexas.edu,Male,161.107.9.196
706,Oliviero,Crunkhorn,ocrunkhornjl@unblog.fr,Male,16.0.202.18
707,Cherry,Laird,clairdjm@unesco.org,Female,215.202.56.124
708,Sallyann,Haswall,shaswalljn@google.co.uk,Female,95.12.56.113
709,Pammy,Yokel,pyokeljo@phpbb.com,Female,96.77.144.151
710,Melisent,Peert,mpeertjp@github.com,Female,115.27.112.247
711,Kala,Constantine,kconstantinejq@tuttocitta.it,Female,110.27.237.32
712,Gherardo,O'Nolan,gonolanjr@squidoo.com,Male,244.207.120.147
713,Wendie,MacPharlain,wmacpharlainjs@imdb.com,Female,238.36.72.228
714,Carlene,Greenham,cgreenhamjt@statcounter.com,Female,12.224.254.43
715,Ellissa,Kentish,ekentishju@bandcamp.com,Female,206.253.82.85
716,Enid,Selland,esellandjv@omniture.com,Female,78.23.173.112
717,Nicolle,Kippin,nkippinjw@ibm.com,Female,133.193.247.153
718,Joelle,Phibb,jphibbjx@nbcnews.com,Female,253.208.102.73
719,Marijo,Keys,mkeysjy@omniture.com,Female,225.155.57.189
720,Padraig,Manuaud,pmanuaudjz@printfriendly.com,Male,74.45.237.204
721,Babbette,Woodington,bwoodingtonk0@wordpress.org,Female,65.128.239.133
722,Addie,Nanninini,anannininik1@wufoo.com,Male,160.238.162.33
723,Cassey,Secrett,csecrettk2@latimes.com,Female,70.218.10.193
724,Blancha,Tibald,btibaldk3@free.fr,Female,40.59.17.66
725,Kele,Skarman,kskarmank4@ezinearticles.com,Male,5.120.153.57
726,Arel,Timmons,atimmonsk5@yahoo.co.jp,Male,170.72.61.161
727,Karlen,Clendening,kclendeningk6@youku.com,Female,145.63.226.155
728,Dugald,Livesay,dlivesayk7@last.fm,Male,249.175.57.42
729,Ursa,Rigler,uriglerk8@pen.io,Female,0.108.132.175
730,Olivier,Swindon,oswindonk9@typepad.com,Male,179.11.51.21
731,Sheri,Alberts,salbertska@yahoo.co.jp,Female,223.173.248.199
732,Elfreda,Quarrell,equarrellkb@hp.com,Female,29.128.251.134
733,Claudina,Fookes,cfookeskc@bloglovin.com,Female,121.133.88.18
734,Oates,Smallsman,osmallsmankd@wordpress.org,Male,16.172.42.81
735,Nicolina,Floch,nflochke@drupal.org,Female,236.111.210.92
736,Darlene,Done,ddonekf@domainmarket.com,Female,153.108.122.186
737,Erv,Tuffell,etuffellkg@icio.us,Male,11.46.55.156
738,Hermina,Kimbury,hkimburykh@canalblog.com,Female,119.83.251.84
739,Dal,Shippey,dshippeyki@sogou.com,Male,169.90.60.228
740,Clevey,Dyton,cdytonkj@freewebs.com,Male,50.43.198.97
741,Kathie,Bazeley,kbazeleykk@comcast.net,Female,204.18.85.133
742,Harlan,Venneur,hvenneurkl@google.com.hk,Male,162.219.226.11
743,Moses,O'Regan,moregankm@issuu.com,Male,253.4.164.40
744,Mikol,Friatt,mfriattkn@technorati.com,Male,155.248.247.180
745,Jarrett,Nurse,jnurseko@themeforest.net,Male,20.98.88.241
746,Melvyn,Cowden,mcowdenkp@fema.gov,Male,35.116.222.34
747,Mathew,Sterland,msterlandkq@who.int,Male,163.124.152.177
748,Kinna,Theuss,ktheusskr@arstechnica.com,Female,136.236.181.138
749,Avrit,Cunningham,acunninghamks@upenn.edu,Female,83.24.233.0
750,Sancho,Toyne,stoynekt@discuz.net,Male,92.50.131.157
751,Pall,Pirt,ppirtku@deviantart.com,Male,160.224.143.238
752,Talbot,Birkett,tbirkettkv@weather.com,Male,25.62.211.10
753,Phebe,Kenlin,pkenlinkw@liveinternet.ru,Female,82.210.90.13
754,Loella,Sulland,lsullandkx@alexa.com,Female,55.228.227.16
755,Jereme,Beharrell,jbeharrellky@sina.com.cn,Male,44.111.168.218
756,Shoshanna,Rayson,sraysonkz@hatena.ne.jp,Female,225.149.88.11
757,Tallie,Oda,todal0@domainmarket.com,Female,110.73.233.199
758,Jase,Carloni,jcarlonil1@cbslocal.com,Male,254.28.222.246
759,Lowell,Krugmann,lkrugmannl2@mozilla.com,Male,6.87.139.83
760,Nathaniel,Maddick,nmaddickl3@nih.gov,Male,76.4.62.195
761,Toinette,Callaghan,tcallaghanl4@t-online.de,Female,3.161.203.223
762,Anthiathia,Pateman,apatemanl5@netvibes.com,Female,205.22.6.189
763,Nert,Manley,nmanleyl6@about.com,Female,164.238.231.136
764,Brenden,Hatliff,bhatliffl7@statcounter.com,Male,167.132.231.20
765,Geralda,Gowanlock,ggowanlockl8@miitbeian.gov.cn,Female,208.109.145.51
766,Anjanette,Strother,astrotherl9@intel.com,Female,226.242.153.43
767,Reinwald,Nye,rnyela@squidoo.com,Male,95.204.68.227
768,Lou,McPaike,lmcpaikelb@360.cn,Female,152.86.84.165
769,Xenos,Denson,xdensonlc@google.co.uk,Male,124.98.184.100
770,Bat,Marzello,bmarzellold@va.gov,Male,126.87.45.170
771,Jory,Barge,jbargele@wikispaces.com,Male,253.103.44.232
772,Prue,Maffi,pmaffilf@wordpress.com,Female,175.6.111.133
773,Germaine,Riccardelli,griccardellilg@wikipedia.org,Male,87.214.234.131
774,Tailor,Blint,tblintlh@slate.com,Male,213.143.128.23
775,Munroe,Satteford,msattefordli@harvard.edu,Male,110.25.113.106
776,Faythe,McGrowther,fmcgrowtherlj@dedecms.com,Female,7.212.70.155
777,Saundra,Tolputt,stolputtlk@t.co,Male,54.13.89.119
778,Randell,Jagson,rjagsonll@xinhuanet.com,Male,234.84.173.164
779,Minni,Lakes,mlakeslm@google.nl,Female,156.54.51.171
780,Randolph,Newsome,rnewsomeln@sciencedaily.com,Male,196.94.201.71
781,Kurt,Garvie,kgarvielo@theatlantic.com,Male,125.206.247.242
782,Tab,Atyea,tatyealp@vimeo.com,Male,39.197.199.222
783,Nert,Mensler,nmenslerlq@wikipedia.org,Female,61.162.163.204
784,Ermina,Ramplee,erampleelr@bravesites.com,Female,73.199.192.235
785,Salomo,Greschke,sgreschkels@squidoo.com,Male,223.189.182.92
786,Rod,Janowicz,rjanowiczlt@indiatimes.com,Male,78.202.14.198
787,Mada,Maunders,mmaunderslu@clickbank.net,Female,110.16.1.17
788,Octavia,Greger,ogregerlv@soundcloud.com,Female,148.228.0.48
789,Bar,Skypp,bskypplw@tamu.edu,Male,180.108.103.122
790,Shannon,Macro,smacrolx@whitehouse.gov,Male,100.69.90.101
791,Rowland,Baszniak,rbaszniakly@scientificamerican.com,Male,99.93.229.173
792,Beatrisa,Dullingham,bdullinghamlz@wordpress.com,Female,29.252.155.125
793,Hayley,Lett,hlettm0@pinterest.com,Female,253.69.73.134
794,Kelbee,Connechie,kconnechiem1@smh.com.au,Male,182.239.64.157
795,Trisha,Over,toverm2@people.com.cn,Female,52.147.242.82
796,Celine,Gosney,cgosneym3@home.pl,Female,116.111.77.98
797,Easter,Joder,ejoderm4@dot.gov,Female,75.87.15.71
798,Francis,Corkitt,fcorkittm5@godaddy.com,Male,190.11.233.64
799,Ford,Pollie,fpolliem6@paypal.com,Male,177.124.135.56
800,Davey,Lamberti,dlambertim7@redcross.org,Male,44.18.150.82
801,Roarke,Avard,ravardm8@redcross.org,Male,196.147.242.85
802,Karalynn,Brotherheed,kbrotherheedm9@ucsd.edu,Female,97.51.214.99
803,Doti,Yanne,dyannema@last.fm,Female,136.68.173.163
804,Salaidh,Jiruca,sjirucamb@goo.ne.jp,Female,209.55.154.188
805,Nanete,Bamlett,nbamlettmc@walmart.com,Female,92.7.250.216
806,Felecia,Antic,fanticmd@discuz.net,Female,29.226.116.49
807,Jodi,Goodram,jgoodramme@elpais.com,Male,170.176.221.200
808,Robbie,Eskrigg,reskriggmf@weibo.com,Female,250.47.253.166
809,Gabriello,Colkett,gcolkettmg@prweb.com,Male,217.38.136.161
810,Ninnette,Hamshar,nhamsharmh@blog.com,Female,12.30.234.51
811,Norean,Garmon,ngarmonmi@thetimes.co.uk,Female,14.160.203.109
812,Gaby,Achrameev,gachrameevmj@yandex.ru,Male,205.88.247.62
813,Alva,Wooler,awoolermk@youtu.be,Male,178.26.196.230
814,Pascale,Fragino,pfraginoml@sphinn.com,Male,218.120.50.198
815,Florri,Hargrave,fhargravemm@earthlink.net,Female,180.231.134.62
816,Stephani,Cheverton,schevertonmn@jiathis.com,Female,52.25.101.201
817,Giorgio,Lannen,glannenmo@nationalgeographic.com,Male,11.114.43.28
818,Demetria,Scattergood,dscattergoodmp@cnet.com,Female,109.36.0.202
819,Kenny,Matuska,kmatuskamq@nature.com,Male,213.184.231.2
820,Dav,Morrill,dmorrillmr@baidu.com,Male,191.48.4.73
821,Filippa,Lilion,flilionms@reuters.com,Female,184.141.108.201
822,Krishna,Egar,kegarmt@mayoclinic.com,Male,225.137.110.7
823,Sidney,Tuite,stuitemu@marriott.com,Male,158.141.11.1
824,Geneva,Saladine,gsaladinemv@desdev.cn,Female,29.177.148.123
825,Deerdre,Krates,dkratesmw@mtv.com,Female,196.198.170.190
826,Teirtza,Conningham,tconninghammx@joomla.org,Female,66.3.97.155
827,Pavla,Danilchenko,pdanilchenkomy@blogtalkradio.com,Female,202.131.213.85
828,Care,Burditt,cburdittmz@nymag.com,Male,110.153.242.77
829,Gracie,Baise,gbaisen0@princeton.edu,Female,79.174.159.73
830,Agatha,Raiker,araikern1@github.io,Female,159.51.168.193
831,Gale,Siddeley,gsiddeleyn2@list-manage.com,Female,133.183.68.87
832,Janela,Yarmouth,jyarmouthn3@oaic.gov.au,Female,2.214.167.141
833,Danila,Bendley,dbendleyn4@pbs.org,Female,124.98.244.187
834,Hervey,Friedman,hfriedmann5@dailymotion.com,Male,183.29.236.251
835,Adda,Hargrave,ahargraven6@answers.com,Female,31.30.16.219
836,Consuelo,Allder,calldern7@si.edu,Female,192.0.0.57
837,Kacie,Jeffrey,kjeffreyn8@fc2.com,Female,55.80.81.48
838,Kipp,Antrim,kantrimn9@cpanel.net,Male,66.51.22.9
839,Liane,Bentham3,lbenthamna@springer.com,Female,170.161.252.59
840,Grace,Gartell,ggartellnb@reddit.com,Female,167.143.137.105
841,Man,Vyse,mvysenc@geocities.com,Male,25.75.4.241
842,Monti,Nudde,mnuddend@furl.net,Male,10.225.27.101
843,Haskell,Fawloe,hfawloene@wordpress.org,Male,171.126.39.32
844,Garreth,Timewell,gtimewellnf@w3.org,Male,201.100.49.25
845,Orlan,Papaccio,opapacciong@bandcamp.com,Male,30.209.25.119
846,Dollie,Forder,dfordernh@booking.com,Female,147.155.93.36
847,Sashenka,Renvoise,srenvoiseni@accuweather.com,Female,29.124.152.93
848,Francois,Adshad,fadshadnj@4shared.com,Male,198.119.93.153
849,Osborn,Burghall,oburghallnk@ftc.gov,Male,254.104.109.233
850,Udale,Franses,ufransesnl@cornell.edu,Male,199.227.209.206
851,Tod,Geard,tgeardnm@umn.edu,Male,61.192.232.105
852,Lothario,Mattsson,lmattssonnn@un.org,Male,121.104.59.104
853,Stormie,Rigolle,srigolleno@shareasale.com,Female,23.115.207.16
854,Vail,Corps,vcorpsnp@patch.com,Male,134.108.252.40
855,Georgina,Beedon,gbeedonnq@soup.io,Female,74.61.48.0
856,Davy,Chasemore,dchasemorenr@springer.com,Male,32.99.101.31
857,Shaina,Dubock,sdubockns@irs.gov,Female,229.132.21.137
858,Wilek,Esposi,wesposint@msu.edu,Male,250.66.129.44
859,Isabel,Tabert,itabertnu@bloomberg.com,Female,147.60.190.228
860,Martelle,Whimper,mwhimpernv@hud.gov,Female,64.174.224.161
861,Alexandr,McCreery,amccreerynw@pinterest.com,Male,46.220.105.214
862,Nancey,Peete,npeetenx@mlb.com,Female,53.43.0.198
863,Jerrome,Twaite,jtwaiteny@msu.edu,Male,11.124.61.107
864,Aurel,Abercromby,aabercrombynz@google.es,Female,194.164.90.96
865,Sandro,Reignard,sreignardo0@diigo.com,Male,172.49.168.34
866,Garner,Braghini,gbraghinio1@bloglovin.com,Male,69.169.148.124
867,Katey,Beggio,kbeggioo2@ebay.com,Female,67.20.190.174
868,Ceciley,Hanna,channao3@eventbrite.com,Female,219.8.39.62
869,Ken,Piotrowski,kpiotrowskio4@hugedomains.com,Male,146.24.231.8
870,Selby,Bertelmot,sbertelmoto5@360.cn,Male,173.231.221.225
871,Thom,Succamore,tsuccamoreo6@slashdot.org,Male,22.98.89.22
872,Vikki,Packer,vpackero7@tinypic.com,Female,235.47.234.117
873,Ariadne,Henrys,ahenryso8@istockphoto.com,Female,201.165.159.164
874,Charity,Delucia,cdeluciao9@google.pl,Female,37.8.86.47
875,Saw,Danshin,sdanshinoa@latimes.com,Male,92.119.86.122
876,Celestyna,Fergusson,cfergussonob@google.de,Female,159.195.200.26
877,Holt,Aleksic,haleksicoc@cafepress.com,Male,4.167.139.229
878,Cirillo,Cram,ccramod@mayoclinic.com,Male,6.23.70.54
879,Valle,Cardero,vcarderooe@hostgator.com,Male,91.160.152.74
880,Petrina,Lintall,plintallof@whitehouse.gov,Female,10.228.19.22
881,Davidson,Raven,dravenog@163.com,Male,137.253.205.24
882,Trumann,Oxer,toxeroh@live.com,Male,57.84.233.180
883,Dael,Brice,dbriceoi@flavors.me,Male,150.32.64.11
884,Granthem,Oldnall,goldnalloj@nature.com,Male,209.186.137.227
885,Hernando,Alastair,halastairok@nba.com,Male,107.186.109.218
886,Byrle,Govey,bgoveyol@loc.gov,Male,39.190.60.144
887,Leopold,Jaycocks,ljaycocksom@cloudflare.com,Male,209.120.175.46
888,Josselyn,Giacomozzo,jgiacomozzoon@archive.org,Female,247.228.118.88
889,Stanly,Argyle,sargyleoo@wiley.com,Male,63.75.13.178
890,Madlen,Pietrusiak,mpietrusiakop@nytimes.com,Female,57.68.72.191
891,Alva,Bernardeschi,abernardeschioq@tmall.com,Male,61.229.68.247
892,Orrin,Patemore,opatemoreor@flickr.com,Male,169.167.8.193
893,Amber,Fawdrie,afawdrieos@opera.com,Female,251.28.127.2
894,Mia,Henmarsh,mhenmarshot@cam.ac.uk,Female,243.38.1.73
895,Tony,Valasek,tvalasekou@ucsd.edu,Female,146.151.68.123
896,Sher,Boneham,sbonehamov@gravatar.com,Female,107.151.50.151
897,Julius,Gentile,jgentileow@chronoengine.com,Male,90.225.126.18
898,Gaile,Repper,grepperox@thetimes.co.uk,Male,19.133.91.156
899,Wallache,Retchless,wretchlessoy@twitpic.com,Male,165.35.238.21
900,Jerald,Slaight,jslaightoz@yellowpages.com,Male,105.242.141.221
901,Arnuad,Weatherup,aweatherupp0@wikimedia.org,Male,56.61.203.184
902,Cahra,Lieber,clieberp1@uiuc.edu,Female,195.103.134.73
903,Barry,Belle,bbellep2@yandex.ru,Male,102.146.11.93
904,Lindon,Lorenzini,llorenzinip3@blog.com,Male,128.253.74.29
905,Tara,Murdy,tmurdyp4@xinhuanet.com,Female,238.27.64.171
906,Hamil,Varga,hvargap5@cafepress.com,Male,71.175.95.240
907,Peg,Cason,pcasonp6@seesaa.net,Female,232.69.237.88
908,Hadria,Sanbrook,hsanbrookp7@nasa.gov,Female,85.245.18.230
909,Lotte,Greger,lgregerp8@elegantthemes.com,Female,88.64.163.77
910,Minnaminnie,Reubel,mreubelp9@sciencedaily.com,Female,227.3.193.145
911,Hedvig,Bartalucci,hbartaluccipa@spiegel.de,Female,137.124.253.200
912,Herculie,Surfleet,hsurfleetpb@slate.com,Male,249.59.170.235
913,Leticia,Donisi,ldonisipc@columbia.edu,Female,250.123.160.1
914,Ginni,Ridsdale,gridsdalepd@4shared.com,Female,212.174.217.226
915,Ammamaria,Vina,avinape@merriam-webster.com,Female,5.208.99.72
916,Kirstin,Mannix,kmannixpf@timesonline.co.uk,Female,77.210.70.6
917,Gardie,Rendall,grendallpg@loc.gov,Male,60.170.1.11
918,Karisa,Waggitt,kwaggittph@nytimes.com,Female,213.244.203.255
919,Dorisa,Goldup,dgolduppi@ustream.tv,Female,136.246.66.134
920,Richard,Burgoin,rburgoinpj@diigo.com,Male,204.195.206.76
921,Jeralee,Masham,jmashampk@huffingtonpost.com,Female,168.186.94.23
922,Nicolea,Batchelder,nbatchelderpl@ibm.com,Female,99.211.102.227
923,Cecily,Andrieux,candrieuxpm@latimes.com,Female,68.61.245.199
924,Britta,Biggen,bbiggenpn@whitehouse.gov,Female,95.103.71.59
925,Drusi,Gallichiccio,dgallichicciopo@slideshare.net,Female,30.92.206.227
926,Josepha,Hatherill,jhatherillpp@wsj.com,Female,90.6.43.178
927,Cecilia,Busek,cbusekpq@chron.com,Female,160.68.211.225
928,Kristoforo,Teligin,kteliginpr@devhub.com,Male,7.18.112.120
929,Nikos,Blodgetts,nblodgettsps@godaddy.com,Male,129.189.67.143
930,Sheelah,Merrywether,smerrywetherpt@vkontakte.ru,Female,215.224.103.27
931,Web,Dipple,wdipplepu@wsj.com,Male,60.14.167.132
932,Laurene,Gloucester,lgloucesterpv@utexas.edu,Female,146.50.3.233
933,Dolph,Geake,dgeakepw@businessinsider.com,Male,220.40.111.53
934,Isac,Luparti,ilupartipx@gmpg.org,Male,178.45.133.188
935,Cissiee,Eydel,ceydelpy@twitpic.com,Female,251.139.250.205
936,Corbin,Niland,cnilandpz@yellowbook.com,Male,203.81.229.149
937,Auria,Elvy,aelvyq0@posterous.com,Female,163.171.218.249
938,Pearla,Gonoude,pgonoudeq1@deliciousdays.com,Female,111.82.54.171
939,Patty,Urvoy,purvoyq2@narod.ru,Female,120.152.181.217
940,Juliette,Brend,jbrendq3@over-blog.com,Female,110.100.57.148
941,Row,Dalling,rdallingq4@xinhuanet.com,Female,218.171.237.1
942,Ashla,Dyka,adykaq5@bloomberg.com,Female,119.162.132.146
943,Northrup,Joseland,njoselandq6@biglobe.ne.jp,Male,100.140.182.235
944,Meghan,Juza,mjuzaq7@paypal.com,Female,47.192.4.48
945,Leeann,Diprose,ldiproseq8@dailymail.co.uk,Female,96.250.83.117
946,Gillie,Beartup,gbeartupq9@bloglovin.com,Female,145.160.73.255
947,Myrtle,Gleeton,mgleetonqa@ask.com,Female,39.1.86.55
948,Mella,Snedden,msneddenqb@quantcast.com,Female,185.230.101.64
949,Brantley,Tynemouth,btynemouthqc@pcworld.com,Male,21.214.72.18
950,Elliott,Stephen,estephenqd@xing.com,Male,6.104.178.38
951,Hamil,Wooller,hwoollerqe@bloglovin.com,Male,253.166.229.236
952,Anastasie,Pepys,apepysqf@fastcompany.com,Female,88.176.137.115
953,Bari,Goly,bgolyqg@bandcamp.com,Female,117.228.129.166
954,Larissa,Blewett,lblewettqh@exblog.jp,Female,166.186.164.99
955,Louella,Boc,lbocqi@mail.ru,Female,66.202.112.3
956,Dari,Drover,ddroverqj@themeforest.net,Female,181.123.212.21
957,Minette,Manders,mmandersqk@t-online.de,Female,237.193.165.173
958,Melli,Mews,mmewsql@princeton.edu,Female,57.92.112.78
959,Ferdinand,Brennenstuhl,fbrennenstuhlqm@goodreads.com,Male,200.162.114.43
960,Nathan,Juett,njuettqn@163.com,Male,55.106.190.222
961,Blinny,O'Luby,bolubyqo@macromedia.com,Female,18.221.157.54
962,Tillie,Showl,tshowlqp@huffingtonpost.com,Female,127.90.178.129
963,Xavier,Chinery,xchineryqq@mail.ru,Male,117.42.41.62
964,Auberta,Mainstone,amainstoneqr@smh.com.au,Female,15.54.89.248
965,Maximilian,Bickerstasse,mbickerstasseqs@forbes.com,Male,116.254.72.157
966,Rustin,Smalecombe,rsmalecombeqt@spiegel.de,Male,119.59.22.117
967,Thayne,Sherrock,tsherrockqu@hubpages.com,Male,159.10.32.202
968,Vasili,Fahrenbacher,vfahrenbacherqv@npr.org,Male,239.103.224.208
969,Beau,Hatherell,bhatherellqw@google.pl,Male,92.113.152.211
970,Gill,Kinsella,gkinsellaqx@elpais.com,Male,100.4.179.228
971,Gleda,Reddington,greddingtonqy@sciencedaily.com,Female,94.80.219.33
972,Janeczka,Sangster,jsangsterqz@google.fr,Female,165.59.39.234
973,Gibb,Dewitt,gdewittr0@mapy.cz,Male,145.64.153.138
974,Thedrick,Hebbron,thebbronr1@house.gov,Male,78.7.13.89
975,Tedra,Kobierra,tkobierrar2@blogtalkradio.com,Female,168.36.69.54
976,Bernhard,Kenaway,bkenawayr3@symantec.com,Male,108.158.94.155
977,Hubert,Foley,hfoleyr4@spotify.com,Male,121.49.246.251
978,Almeta,Indgs,aindgsr5@umich.edu,Female,3.177.149.78
979,Horatio,Gland,hglandr6@gmpg.org,Male,37.118.216.144
980,Hart,Townsend,htownsendr7@uiuc.edu,Male,6.210.115.99
981,Yorgos,Flecknell,yflecknellr8@soundcloud.com,Male,146.22.212.6
982,Roxanna,Bagge,rbagger9@dailymotion.com,Female,93.83.202.216
983,Gerianne,Scholer,gscholerra@linkedin.com,Female,91.51.50.53
984,Ermengarde,Docherty,edochertyrb@microsoft.com,Female,162.226.177.189
985,Berky,Trigg,btriggrc@slate.com,Male,87.16.24.193
986,Doria,Foskett,dfoskettrd@sciencedirect.com,Female,190.228.88.236
987,Madelene,Mingasson,mmingassonre@prnewswire.com,Female,201.137.225.169
988,Doug,Hitschke,dhitschkerf@answers.com,Male,15.165.80.63
989,Costa,Dumbrall,cdumbrallrg@flavors.me,Male,233.175.217.74
990,Nicoli,Leavy,nleavyrh@china.com.cn,Female,138.60.89.104
991,Aurel,Mountford,amountfordri@sakura.ne.jp,Female,154.160.9.98
992,Hobie,Kalf,hkalfrj@arstechnica.com,Male,132.196.253.3
993,Ricky,Skyner,rskynerrk@hhs.gov,Male,129.113.78.250
994,Isiahi,Gerrett,igerrettrl@spiegel.de,Male,100.114.25.230
995,Pepita,McNeely,pmcneelyrm@opera.com,Female,206.28.167.13
996,Ambrosi,Agney,aagneyrn@wordpress.com,Male,42.196.137.229
997,Gigi,Thurman,gthurmanro@gnu.org,Female,143.72.134.177
998,Westbrooke,Vassay,wvassayrp@google.it,Male,114.231.116.52
999,Gideon,Mabbitt,gmabbittrq@nature.com,Male,204.49.65.68
1000,Glenden,Pfleger,gpflegerrr@hubpages.com,Male,96.10.177.130